<DATE>	<OPEN>	<HIGH>	<LOW>	<CLOSE>	<TICKVOL>	<VOL>	<SPREAD>
2014.10.20	76665	77282	75472	76172	141387	342239	0
2014.10.21	73039	73946	72116	72941	163626	394149	0
2014.10.22	72628	73998	72213	72448	142727	345869	0
2014.10.23	71873	72122	69177	70022	174140	422085	0
2014.10.24	70547	73688	70078	71398	186986	477306	0
2014.10.27	66160	70443	65978	70153	177654	474781	0
2014.10.28	70535	72645	70530	71950	153085	382876	0
2014.10.29	71259	72479	70224	71129	149720	369204	0
2014.10.30	71423	72841	71306	72386	153772	364712	0
2014.10.31	73614	75974	72724	75829	171500	412867	0
2014.11.03	75233	75520	73500	74680	150735	368555	0
2014.11.04	74801	75637	73912	74597	164793	395235	0
2014.11.05	74685	75057	73942	74222	129817	307118	0
2014.11.06	73861	73923	72452	72612	142222	336439	0
2014.11.07	73175	74103	72203	73708	156428	373111	0
2014.11.10	73999	74564	72649	72684	123025	290940	0
2014.11.11	72547	72844	71824	72684	124569	293427	0
2014.11.12	72547	73918	72108	72978	134223	320515	0
2014.11.13	73321	73730	71510	71660	158309	360342	0
2014.11.14	71168	71654	69779	71584	155731	357761	0
2014.11.17	71122	72077	70327	70712	150497	331456	0
2014.11.18	70836	72229	70484	72069	149994	344469	0
2014.11.19	71873	74128	71728	73723	175806	412914	0
2014.11.21	74549	78175	74383	78170	197836	457751	0
2014.11.24	77894	79235	76465	76725	184540	439768	0
2014.11.25	76756	77818	76198	76663	154620	364300	0
2014.11.26	77125	77453	75833	76348	131726	314632	0
2014.11.27	76261	77280	75150	75640	108921	272565	0
2014.11.28	75643	76371	74931	74931	127056	310771	0
2014.12.01	74601	74727	71382	71642	167602	414971	0
2014.12.02	71944	72351	70651	70926	154300	362925	0
2014.12.03	71189	72178	71053	71423	122212	283850	0
2014.12.04	72401	72559	70208	70638	136091	324748	0
2014.12.05	71012	71539	70219	71329	123185	292649	0
2014.12.08	70903	71232	68622	69072	122890	288697	0
2014.12.09	68519	69084	67809	68949	161743	378865	0
2014.12.10	68998	69012	67706	68006	161570	381700	0
2014.12.11	68080	68501	66921	67631	142477	345435	0
2014.12.12	66908	68231	65791	66271	153752	377205	0
2014.12.15	66379	66504	63514	64914	169423	422812	0
2014.12.16	64729	65254	62664	64279	230754	563902	0
2014.12.17	64486	67472	64207	66107	180248	438393	0
2014.12.18	67283	68010	66110	66495	155823	363825	0
2014.12.19	66918	68122	66577	68122	139157	332853	0
2014.12.22	71369	71907	70397	71717	116700	283303	0
2014.12.23	71835	72841	71316	72531	113491	277880	0
2014.12.26	72683	73118	71553	71883	75918	173598	0
2014.12.29	71702	72955	71395	72795	101534	240782	0
2014.12.30	72698	72816	71111	71196	106756	253502	0
2015.01.02	70994	71273	68988	69388	120551	286214	0
2015.01.05	69367	69367	67523	67963	134217	323439	0
2015.01.06	67670	68947	67272	68947	145767	366835	0
2015.01.07	69466	71348	69418	70803	129104	314747	0
2015.01.08	70994	71914	69994	71394	144536	353199	0
2015.01.09	71036	71206	69295	69900	130092	310341	0
2015.01.12	70053	70074	68354	68499	136357	324602	0
2015.01.13	68752	69757	68307	68547	154265	363647	0
2015.01.14	68306	68960	67435	68735	153282	368508	0
2015.01.15	68320	69721	67816	68736	160813	393431	0
2015.01.16	68335	70333	68163	69843	141677	344039	0
2015.01.19	69255	69572	67612	68107	69828	187810	0
2015.01.20	68703	69423	67898	68698	142848	354398	0
2015.01.21	68519	70359	68309	70359	157996	407360	0
2015.01.22	70499	71679	70029	70529	151583	366227	0
2015.01.23	70265	70486	69061	69101	123120	319698	0
2015.01.26	68533	69173	68128	68683	109579	278871	0
2015.01.27	68306	69493	67308	69143	143829	372417	0
2015.01.28	68136	68548	67548	67798	145784	377698	0
2015.01.29	67458	68047	66712	67712	160402	414842	0
2015.01.30	67225	67315	65760	66885	144649	376713	0
2015.02.02	66511	67906	66301	67906	151496	381290	0
2015.02.03	68526	69566	68456	69421	156308	397780	0
2015.02.04	69297	70526	68386	70036	178147	461205	0
2015.02.05	69826	70565	69340	70100	140812	347637	0
2015.02.06	69665	69933	68339	69164	149606	376039	0
2015.02.09	68561	70141	68291	70086	129544	329770	0
2015.02.10	70300	70537	68597	68887	151602	375665	0
2015.02.11	68504	68991	67651	68766	145062	353984	0
2015.02.12	69297	70388	69113	70098	128964	329122	0
2015.02.13	70372	72112	70372	72112	107303	261749	0
2015.02.18	72327	73467	72077	72327	81237	215812	0
2015.02.19	72327	73002	71832	72607	116815	297482	0
2015.02.20	72355	72760	71580	72425	131972	331593	0
2015.02.23	72293	73092	71877	72117	131480	341387	0
2015.02.24	72132	73362	71752	73202	142228	359669	0
2015.02.25	72015	73216	71736	73051	128098	323620	0
2015.02.26	73051	73537	72097	73202	136501	359226	0
2015.02.27	73335	74026	72321	72786	167556	441653	0
2015.03.02	72772	72958	71528	71958	135450	344516	0
2015.03.03	71659	72435	71603	72260	139358	342667	0
2015.03.04	71423	71784	70889	71504	144464	375902	0
2015.03.05	71540	71639	70466	70746	123999	312167	0
2015.03.06	70824	70908	70008	70243	129812	336560	0
2015.03.09	69933	70104	68629	68629	134596	342466	0
2015.03.10	68215	69111	67651	67701	174807	474970	0
2015.03.11	67950	69586	67816	68736	140384	384288	0
2015.03.12	69036	69815	68330	68480	131569	360492	0
2015.03.13	68263	68403	66898	68258	166513	437096	0
2015.03.16	68250	69210	67870	68280	123854	316751	0
2015.03.17	68181	70596	68034	70551	149334	393253	0
2015.03.18	70330	72672	69792	72392	181478	470568	0
2015.03.19	72021	72273	71188	71458	155093	396798	0
2015.03.20	71659	73328	71473	72543	162831	415663	0
2015.03.23	72634	73112	72172	72747	141649	359981	0
2015.03.24	73051	73378	71378	72448	134442	349104	0
2015.03.25	72008	73226	71980	72301	149518	388431	0
2015.03.26	72076	72309	70489	70494	148142	382389	0
2015.03.27	70720	70720	69682	70047	132695	344582	0
2015.03.30	70392	71575	70090	71520	123343	319584	0
2015.03.31	71200	71987	70577	71237	127502	341477	0
2015.04.01	71429	73499	71423	73309	132379	337680	0
2015.04.02	72869	74382	72782	74182	152520	394635	0
2015.04.06	74053	75518	73783	74868	129544	329625	0
2015.04.07	75048	75364	74474	75004	132971	348381	0
2015.04.08	75416	76068	74543	74758	168017	434655	0
2015.04.09	74685	75276	74201	74946	144126	353400	0
2015.04.10	75201	75731	74351	75611	132670	325758	0
2015.04.13	75465	76362	75142	75512	140143	343485	0
2015.04.14	75471	76133	74798	75278	148458	374100	0
2015.04.15	75295	76485	75210	76425	139140	337217	0
2015.04.16	76103	76427	75577	76222	133905	334063	0
2015.04.17	75692	75761	74841	75161	133284	338496	0
2015.04.20	75487	75713	74388	74583	123128	308306	0
2015.04.22	74528	76204	74219	75709	136916	346864	0
2015.04.23	75369	77392	74897	77132	158750	406081	0
2015.04.24	77129	79030	77129	78580	141211	359335	0
2015.04.27	78567	79076	76841	77206	159809	394874	0
2015.04.28	76808	77743	76368	77568	143248	347608	0
2015.04.29	77292	77292	76264	76934	135457	337717	0
2015.04.30	76581	77894	76059	77839	142511	369420	0
2015.05.04	78546	79716	78311	79716	112410	290361	0
2015.05.05	79455	80618	79018	80608	142500	370819	0
2015.05.06	80482	81080	78775	79660	162569	419289	0
2015.05.07	79251	79479	78169	78884	134129	329198	0
2015.05.08	79264	80070	78360	78955	134038	347772	0
2015.05.11	79497	79581	78756	78756	128011	312935	0
2015.05.12	78361	79395	78170	78200	118233	287754	0
2015.05.13	78696	78872	77587	78142	121004	290642	0
2015.05.14	78237	78633	77388	78253	138446	342858	0
2015.05.15	78429	79212	77857	78977	115787	286447	0
2015.05.18	79045	79761	77166	77316	134830	349826	0
2015.05.19	77676	77826	75926	76576	126244	316779	0
2015.05.20	76177	76798	75493	75493	149204	362160	0
2015.05.21	75514	76200	75060	76185	118442	291992	0
2015.05.22	75487	76407	74442	74697	142790	355870	0
2015.05.25	75028	75565	74075	75070	87702	223397	0
2015.05.26	75247	75247	73619	73619	136994	338070	0
2015.05.27	74007	74752	73097	74337	128014	311983	0
2015.05.28	73967	74297	73377	73957	121084	297876	0
2015.05.29	73912	74382	72447	72512	147868	391668	0
2015.06.01	72920	73079	72274	72724	122457	305031	0
2015.06.02	72846	74546	72746	74491	130022	331134	0
2015.06.03	74488	74630	73420	73540	122049	310618	0
2015.06.05	72818	73323	72453	72603	112072	281927	0
2015.06.08	72529	73202	72367	72387	97868	243121	0
2015.06.09	72202	73053	72063	72558	112229	308701	0
2015.06.10	72954	74248	72954	74033	124513	324722	0
2015.06.11	73899	74582	73207	73622	121682	316671	0
2015.06.12	73474	73594	72614	73099	103639	270612	0
2015.06.15	72797	72902	71877	72902	103808	270761	0
2015.06.16	72769	73816	72626	73381	109842	294246	0
2015.06.17	73569	73686	72411	72411	114506	300903	0
2015.06.18	72735	74333	72633	74138	131704	368497	0
2015.06.19	73730	73886	73101	73326	112390	294162	0
2015.06.22	73771	74391	73376	73651	102955	266984	0
2015.06.23	73926	74308	73168	73168	96735	264886	0
2015.06.24	73205	74057	72962	73437	108275	290891	0
2015.06.25	73609	73702	72173	72743	115684	317249	0
2015.06.26	72694	73839	72309	73609	116953	323832	0
2015.06.29	72392	73352	71792	72417	130677	338707	0
2015.06.30	72775	72850	72007	72287	115990	295796	0
2015.07.01	72970	72998	71698	71948	117233	305438	0
2015.07.02	72144	72744	71869	72269	92480	232657	0
2015.07.03	72284	72312	71201	71426	57358	157006	0
2015.07.06	70873	71665	70235	71165	120508	338599	0
2015.07.07	70758	71306	69536	71231	143089	386567	0
2015.07.08	70529	71251	70116	70206	148492	379819	0
2015.07.10	71283	71782	70892	71337	102240	252234	0
2015.07.13	71753	72274	71399	72049	110580	284094	0
2015.07.14	71874	72540	71515	72250	94679	258618	0
2015.07.15	72305	72485	71630	72040	107289	288519	0
2015.07.16	72284	72525	71520	71970	101378	270157	0
2015.07.17	72022	72329	70774	70774	115336	321893	0
2015.07.20	70966	71112	69842	69977	101331	281328	0
2015.07.21	70011	70455	69500	69875	123561	351555	0
2015.07.22	69239	69400	68427	68867	95845	258131	0
2015.07.23	68680	69099	66894	66894	146148	400304	0
2015.07.24	66918	67321	65736	66601	148113	407063	0
2015.07.27	65969	66617	65742	66152	149836	405000	0
2015.07.28	66320	67355	65835	66995	187248	526957	0
2015.07.29	67113	67956	66611	67601	160509	430694	0
2015.07.30	67879	68402	66957	67242	142423	370408	0
2015.07.31	67342	68742	67192	68742	139222	383416	0
2015.08.03	68290	68317	67531	67781	118441	319411	0
2015.08.04	68094	68209	67234	67664	110950	298780	0
2015.08.05	67961	68583	67618	67678	113467	306001	0
2015.08.06	67355	68084	66769	67439	140955	377626	0
2015.08.07	67133	67371	65126	65126	140534	387570	0
2015.08.10	65203	66610	65189	66330	132188	354562	0
2015.08.11	65896	67299	64924	67034	141504	382407	0
2015.08.12	66301	66510	64570	65205	156277	415086	0
2015.08.13	65430	65608	64183	64193	143044	372146	0
2015.08.14	64210	64690	63680	63825	113888	296496	0
2015.08.17	63816	64118	63228	63588	116443	297219	0
2015.08.18	63195	64622	62617	63522	176345	469901	0
2015.08.19	63294	63325	61605	62230	173552	471865	0
2015.08.20	61975	62761	61371	62201	161353	413304	0
2015.08.21	61739	61943	60678	60678	156132	403797	0
2015.08.24	58152	60515	56955	59650	282101	735569	0
2015.08.25	60921	61579	58979	58979	206797	532069	0
2015.08.26	59668	61794	59524	61704	245275	611139	0
2015.08.27	61916	64211	61831	64061	243152	614379	0
2015.08.28	63459	63925	62485	63025	214547	542472	0
2015.08.31	62391	62476	60818	61883	207073	531388	0
2015.09.01	60757	61408	60223	60833	216778	559636	0
2015.09.02	61085	62256	60206	62061	190370	498348	0
2015.09.03	62094	63365	61620	62990	203166	536968	0
2015.09.04	62193	63008	61653	61998	174874	440595	0
2015.09.08	62569	63124	62099	62314	134703	344214	0
2015.09.09	63202	63757	61987	62387	164488	419808	0
2015.09.10	60023	62299	59800	62114	200037	505924	0
2015.09.11	61692	62252	61362	62067	135214	344391	0
2015.09.14	61772	64440	61440	63775	158931	411867	0
2015.09.15	63756	63756	62173	62788	154211	399048	0
2015.09.16	63096	64808	62968	64423	157366	420193	0
2015.09.17	63821	65563	63578	64523	199214	499330	0
2015.09.18	63953	64144	62164	62359	162872	433796	0
2015.09.21	62905	63051	61556	62021	148447	377469	0
2015.09.22	61263	61746	60106	61381	167392	434280	0
2015.09.23	61653	61936	59778	59973	184800	483495	0
2015.09.24	59273	60247	58202	60022	211188	528540	0
2015.09.25	60789	61014	58999	58999	160988	424824	0
2015.09.28	58606	58851	57966	58281	138469	326992	0
2015.09.29	58522	58916	58166	58396	140385	356882	0
2015.09.30	59503	60139	58734	59544	149095	377291	0
2015.10.01	59675	60385	59190	60385	151016	370577	0
2015.10.02	60372	62410	59495	62370	180538	452984	0
2015.10.05	62668	63492	62632	62872	135996	332192	0
2015.10.06	62634	63497	62569	62732	151839	371764	0
2015.10.07	63256	65097	63188	64452	216248	547667	0
2015.10.08	64197	64980	64025	64640	175060	429226	0
2015.10.09	65101	65561	64281	65281	155750	381348	0
2015.10.13	64349	64349	62173	62253	153166	369244	0
2015.10.14	62443	62956	61546	61626	180028	436625	0
2015.10.15	61964	62174	60969	61984	172328	419617	0
2015.10.16	62242	62785	61165	61625	169632	423450	0
2015.10.19	62029	62607	61547	62397	155655	383366	0
2015.10.20	62138	62731	61266	61706	140361	348451	0
2015.10.21	61788	62076	61296	61566	137936	354738	0
2015.10.22	61788	63038	61688	63038	144846	360858	0
2015.10.23	63279	64284	62364	62389	164065	426726	0
2015.10.26	62210	62985	61995	62200	110024	263925	0
2015.10.27	62022	62189	61329	61454	133756	327467	0
2015.10.28	61815	62262	60747	61102	155573	374386	0
2015.10.29	60874	61117	59737	59772	150227	361571	0
2015.10.30	59746	60362	59502	60117	128171	333818	0
2015.11.03	60686	63661	60581	63536	185874	480257	0
2015.11.04	63798	64504	62254	62634	185357	461355	0
2015.11.05	62657	63032	62182	62617	152074	374187	0
2015.11.06	62450	62697	60697	61567	157700	384736	0
2015.11.09	61659	61724	60236	60236	141902	337263	0
2015.11.10	59908	61156	59406	60886	159352	408266	0
2015.11.11	60816	61869	60686	61524	167954	429488	0
2015.11.12	61853	62153	61053	61063	160067	402292	0
2015.11.13	60615	61341	60516	60971	154916	382249	0
2015.11.16	60744	61436	60576	61426	121183	302408	0
2015.11.17	61982	62412	61607	61652	129885	325268	0
2015.11.18	61360	62616	61286	62171	129195	338616	0
2015.11.19	62638	63204	62274	63179	135786	347510	0
2015.11.23	63117	63632	62567	62582	131858	333908	0
2015.11.24	62274	63059	61819	63009	134394	344254	0
2015.11.25	62618	62618	60882	61082	142566	381720	0
2015.11.26	61154	61517	61062	61417	55729	151398	0
2015.11.27	60958	61162	59507	59572	115541	315036	0
2015.11.30	59500	59714	58594	58594	156231	386522	0
2015.12.01	58935	59152	58217	58357	149359	373827	0
2015.12.02	58255	59067	58097	58222	171190	429721	0
2015.12.03	59908	61479	59724	60119	189105	498345	0
2015.12.04	60083	60299	58549	59184	176544	440261	0
2015.12.07	58865	60084	58809	59014	149621	373850	0
2015.12.08	58728	59120	57465	57465	157306	398938	0
2015.12.09	58308	60371	58106	60096	222036	554857	0
2015.12.10	59746	60123	58908	59403	149918	368787	0
2015.12.11	58806	59610	58275	58755	180911	448723	0
2015.12.14	59065	59362	57752	58182	163220	389583	0
2015.12.15	58599	58913	58133	58133	134217	321591	0
2015.12.16	58091	59070	57135	59030	176223	404513	0
2015.12.17	59138	60121	58146	58241	155396	387776	0
2015.12.18	57388	57719	56579	56744	158935	379880	0
2015.12.21	56928	57307	55657	55692	137798	347622	0
2015.12.22	56181	56511	55886	56476	99634	252990	0
2015.12.23	56648	57359	56584	57034	110953	276254	0
2015.12.28	56776	56999	56539	56574	65805	169523	0
2015.12.29	56871	57008	56253	56523	61307	161928	0
2015.12.30	56457	56519	55889	56174	75524	184776	0
2016.01.04	54450	55247	54257	54257	110159	273765	0
2016.01.05	54399	54857	54335	54807	104280	267818	0
2016.01.06	54113	54485	53670	53875	115860	318378	0
2016.01.07	52752	53131	52311	52426	118483	332499	0
2016.01.08	53071	53168	52168	52168	115076	333993	0
2016.01.11	52202	52804	51434	51434	124950	346457	0
2016.01.12	51845	52013	50903	51083	138585	386948	0
2016.01.13	51475	51668	50073	50163	132046	351939	0
2016.01.14	50164	51072	49567	50837	168595	457579	0
2016.01.15	49858	50040	48910	49710	160511	429682	0
2016.01.18	49915	50030	49083	49083	78167	226841	0
2016.01.19	49730	50115	48835	49065	160049	447891	0
2016.01.20	48268	48515	47600	48515	180538	512985	0
2016.01.21	48217	48886	48001	48556	179518	506399	0
2016.01.22	49054	49397	48787	48872	135457	383576	0
2016.01.26	48089	48307	47607	48032	130637	376540	0
2016.01.27	47885	49758	47808	49208	174718	523414	0
2016.01.28	49431	50225	48665	49485	197337	564807	0
2016.01.29	49814	51796	49701	51741	174520	513564	0
2016.02.01	51411	52057	50927	52007	156734	441441	0
2016.02.02	51411	51449	49117	49147	194967	541539	0
2016.02.03	49455	50840	49280	50565	216368	610681	0
2016.02.04	50963	53151	50946	52401	270154	746954	0
2016.02.05	52668	52849	51864	51864	191022	510101	0
2016.02.10	51168	51742	51092	51532	98516	274622	0
2016.02.11	50529	50937	49847	50327	179455	495029	0
2016.02.12	50676	51042	50397	51042	163644	448710	0
2016.02.15	51858	52064	51139	51309	74279	211734	0
2016.02.16	51539	52680	51075	52385	169143	488828	0
2016.02.17	52457	54132	52457	52927	191187	515519	0
2016.02.18	52741	53283	52528	52893	174667	442985	0
2016.02.19	52804	53485	52360	52920	164051	438364	0
2016.02.22	54264	55490	53880	55375	173247	453894	0
2016.02.23	55259	55714	54159	54264	177598	459782	0
2016.02.24	53371	53766	52611	53646	179508	452993	0
2016.02.25	53623	54024	52859	53479	180424	458074	0
2016.02.26	54070	54375	52780	52905	167700	441759	0
2016.02.29	53126	54902	53052	54382	193721	526878	0
2016.03.01	55108	56345	54965	56345	205906	569041	0
2016.03.02	56329	57258	55818	57038	233784	653445	0
2016.03.03	57467	60329	57414	60054	291227	807082	0
2016.03.04	63805	63805	61518	62493	324322	805844	0
2016.03.07	62183	63508	61973	62663	286928	700151	0
2016.03.08	62057	63591	61836	62731	253620	609880	0
2016.03.09	62785	63664	61849	62099	233613	565714	0
2016.03.10	63005	63697	60962	63132	300036	714303	0
2016.03.11	63402	63730	62435	63000	238404	592027	0
2016.03.14	63234	64153	61333	61443	262525	610423	0
2016.03.15	60256	60929	59239	59924	269187	626991	0
2016.03.16	59872	61068	58928	60998	261783	620055	0
2016.03.17	63566	65164	62774	65164	296354	683066	0
2016.03.18	64950	65353	63603	64168	203132	457091	0
2016.03.21	64448	65111	64301	64771	169298	388020	0
2016.03.22	64096	64911	64001	64911	169636	374043	0
2016.03.23	64542	64542	62474	62474	184922	438749	0
2016.03.24	61773	62998	61668	62968	151968	351325	0
2016.03.28	63479	64721	63476	64561	155615	366593	0
2016.03.29	64586	65560	63735	64790	215676	483843	0
2016.03.30	65399	66100	64350	64625	227874	556436	0
2016.03.31	64322	64372	62680	63340	197128	479260	0
2016.04.01	62868	64022	62217	63752	199740	482945	0
2016.04.04	63491	63544	61139	61139	178037	438774	0
2016.04.05	60740	62605	60575	61520	224512	577476	0
2016.04.06	61552	61783	60398	60898	196005	479325	0
2016.04.07	60463	61689	60457	61139	197777	492207	0
2016.04.08	62648	63676	62471	63581	166220	374840	0
2016.04.11	63693	64383	63143	63158	177505	422609	0
2016.04.12	64008	65972	63702	65787	222375	529482	0
2016.04.13	66702	67797	66207	66207	216208	491979	0
2016.04.14	66405	67616	65711	66306	244724	585689	0
2016.04.15	67012	67239	66244	66919	198057	483479	0
2016.04.18	67758	67904	65739	66364	191665	441808	0
2016.04.19	67177	67934	66664	67439	177657	399646	0
2016.04.20	67074	67668	66748	67333	153884	351618	0
2016.04.22	66579	66926	65771	66516	155213	352823	0
2016.04.25	66424	66493	64922	65052	148757	343471	0
2016.04.26	65467	66937	65122	66937	182165	419065	0
2016.04.27	66622	68639	66591	68639	179337	424507	0
2016.04.28	68000	68999	67804	68529	181281	423538	0
2016.04.29	68352	68620	67190	67450	201595	475545	0
2016.05.02	67690	67940	66795	67000	173378	397393	0
2016.05.03	66295	66344	65381	65581	159912	376796	0
2016.05.04	64998	65950	64715	65840	178076	436977	0
2016.05.05	66141	66438	64293	64908	213955	517140	0
2016.05.06	64726	65302	63932	64712	202185	454252	0
2016.05.09	64832	64938	61968	63838	236527	556920	0
2016.05.10	64330	66859	64318	66859	190648	457467	0
2016.05.11	66702	67601	65746	65746	252604	593091	0
2016.05.12	66480	67274	65434	66359	272886	663815	0
2016.05.13	65887	66527	64107	64212	243871	594982	0
2016.05.16	64597	65244	63929	64579	192509	444084	0
2016.05.17	64931	65249	63189	63509	211774	504785	0
2016.05.18	63120	64006	62561	62926	241423	567447	0
2016.05.19	62626	62637	61702	62372	220891	528718	0
2016.05.20	62749	63299	61844	61999	191890	464957	0
2016.05.23	60922	61693	60463	60978	205249	489925	0
2016.05.24	61415	62196	61126	61511	182642	431065	0
2016.05.25	61885	62616	61331	61586	204546	482778	0
2016.05.27	61761	61943	60753	61153	156059	386582	0
2016.05.30	61249	61294	60599	60719	94623	236470	0
2016.05.31	60817	61166	60001	60131	209727	517701	0
2016.06.01	59908	60821	59571	60566	184776	480220	0
2016.06.02	60582	61958	60453	61883	192345	478662	0
2016.06.03	61761	62794	61761	62599	196854	488086	0
2016.06.06	63028	63231	62121	62351	205622	527046	0
2016.06.07	62415	62685	61685	62645	210875	553921	0
2016.06.08	62817	64152	62717	63832	221121	575722	0
2016.06.09	63435	63757	62847	63207	202152	521283	0
2016.06.10	62454	62540	60895	60895	191713	512040	0
2016.06.13	60526	61510	60245	61345	221683	575943	0
2016.06.14	60773	61592	59532	59872	250613	656925	0
2016.06.15	60233	60968	59388	60133	230020	586540	0
2016.06.16	59749	60953	59283	60953	231100	591843	0
2016.06.17	61079	61930	60915	61130	198989	527503	0
2016.06.20	62325	62633	61943	62173	187376	505455	0
2016.06.21	62137	62668	61213	62618	211491	557289	0
2016.06.22	62990	63159	61594	61594	240566	642065	0
2016.06.23	62591	64090	62090	64090	231172	607286	0
2016.06.24	60596	62022	60371	61287	258235	650293	0
2016.06.27	60946	61651	60216	60351	233985	572426	0
2016.06.28	61424	61909	61104	61719	213316	547314	0
2016.06.29	62295	62995	62130	62960	180812	467868	0
2016.06.30	62773	63417	62107	63092	215233	562470	0
2016.07.01	63359	64295	63165	64105	191167	493946	0
2016.07.04	64533	64969	64264	64559	112257	309532	0
2016.07.05	63885	64093	63193	63588	196083	511432	0
2016.07.06	63057	63874	62304	63859	225823	574121	0
2016.07.07	63994	64643	63618	63868	270393	673670	0
2016.07.08	64345	65255	64170	65160	180441	493926	0
2016.07.11	65258	66243	65252	65988	162823	453771	0
2016.07.12	66643	67036	66096	66251	202551	580767	0
2016.07.13	66334	66883	65663	66883	232111	623910	0
2016.07.14	67678	68042	67267	67557	226075	611107	0
2016.07.15	67423	67969	67329	67434	192314	516986	0
2016.07.18	67653	69370	67600	69370	181764	523488	0
2016.07.19	68880	69473	68603	69473	205189	563382	0
2016.07.20	69431	69616	68666	68996	227712	624481	0
2016.07.21	68953	69423	68548	69253	236558	641034	0
2016.07.22	69304	69762	68952	69467	185997	521494	0
2016.07.25	69376	69694	68749	69334	199897	557162	0
2016.07.26	69642	69848	69128	69298	200676	564011	0
2016.07.27	69534	69846	69051	69156	194388	554045	0
2016.07.28	68820	69109	68144	69109	215996	613583	0
2016.07.29	68880	69915	68525	69915	214702	602346	0
2016.08.01	69618	70112	68922	69032	202783	564628	0
2016.08.02	68778	69235	67710	68280	257016	740532	0
2016.08.03	68155	69441	67761	69441	243340	679936	0
2016.08.04	69612	70517	69357	69942	251749	717737	0
2016.08.05	70017	70393	69548	69983	222815	625294	0
2016.08.08	70072	70280	69595	70015	177881	523830	0
2016.08.09	70114	70467	69877	70047	181085	519984	0
2016.08.10	70053	70240	68715	68735	222175	650888	0
2016.08.11	68995	70816	68956	70816	217434	634205	0
2016.08.12	70701	71120	70140	70315	239450	653172	0
2016.08.15	70513	71789	70509	71364	200925	577207	0
2016.08.16	71215	71573	70893	70903	235372	640604	0
2016.08.17	70699	71871	70201	71871	236404	640543	0
2016.08.18	71561	71833	71063	71418	223119	644262	0
2016.08.19	71021	71626	70751	71576	178607	520164	0
2016.08.22	71073	71157	69642	69877	212402	602498	0
2016.08.23	70201	70753	69728	69818	232255	670743	0
2016.08.24	69655	70313	69233	69853	234929	678777	0
2016.08.25	69424	70130	69325	69680	228159	632305	0
2016.08.26	69684	70720	68975	69715	248135	672088	0
2016.08.29	69638	71001	69491	70596	211295	606192	0
2016.08.30	70617	70950	70160	70620	224919	622173	0
2016.08.31	70747	70914	69269	69279	265968	733081	0
2016.09.01	69554	70168	69313	69928	219414	591477	0
2016.09.02	70219	71816	69946	71656	202925	535333	0
2016.09.05	71703	72074	71499	71754	118275	338541	0
2016.09.06	71816	72207	71072	72177	211517	569070	0
2016.09.08	71875	72337	71657	72012	204705	552981	0
2016.09.09	71875	71875	69089	69149	263492	767040	0
2016.09.12	68634	70303	68634	70143	291905	785707	0
2016.09.13	69738	69801	67806	68281	315588	851984	0
2016.09.14	68569	68703	67893	68348	288580	749368	0
2016.09.15	68729	69613	68488	69143	218926	576856	0
2016.09.16	68616	69045	68050	68490	227512	631097	0
2016.09.19	69038	69469	68314	68674	201889	579188	0
2016.09.20	69044	69291	68871	68921	173823	473952	0
2016.09.21	69447	70068	68568	69933	250249	711537	0
2016.09.22	70159	71054	70019	70514	202137	575195	0
2016.09.23	70462	70773	69828	70143	212305	594035	0
2016.09.26	69500	69630	69055	69270	181342	507416	0
2016.09.27	69382	69788	68488	69763	215870	630708	0
2016.09.28	70011	70923	69613	70868	237216	713793	0
2016.09.29	70925	71078	69373	69413	277666	820977	0
2016.09.30	69466	70233	69328	69583	199283	552804	0
2016.10.03	69803	70967	69512	70742	220298	648261	0
2016.10.04	70724	70911	70041	70576	270527	788912	0
2016.10.05	70914	71922	70752	71437	199578	585023	0
2016.10.06	71329	72265	71281	71985	194696	556180	0
2016.10.07	71816	72859	71729	72734	260812	757635	0
2016.10.10	72944	73376	72841	73376	162185	477989	0
2016.10.11	73359	73359	72343	72463	208758	607119	0
2016.10.13	71934	72858	71593	72593	229545	684375	0
2016.10.14	72970	73654	72894	73534	212226	625777	0
2016.10.17	73273	74581	73221	74581	198656	584328	0
2016.10.18	74716	75806	74461	75551	249515	776951	0
2016.10.19	75496	75984	75054	75254	280625	835251	0
2016.10.20	74868	75778	74313	75648	296481	891436	0
2016.10.21	75310	76223	75053	75783	229479	705766	0
2016.10.24	76311	76592	75627	75822	245922	751175	0
2016.10.25	75706	76033	74813	75488	281393	847057	0
2016.10.26	74967	75670	74570	75615	310811	897318	0
2016.10.27	75438	76380	75370	75790	258731	772544	0
2016.10.28	75735	76444	75249	75899	328432	976505	0
2016.10.31	75933	76731	75921	76691	239842	738646	0
2016.11.01	77056	77198	74433	74678	351170	1104675	0
2016.11.03	74076	74934	72764	72844	335049	989137	0
2016.11.04	72854	73966	72481	72676	349295	1044878	0
2016.11.07	74105	75725	73915	75725	254638	789465	0
2016.11.08	75543	76400	74700	75740	360547	1097265	0
2016.11.09	73343	75720	72435	74320	493907	1380504	0
2016.11.10	74903	75592	71227	71882	476555	1363540	0
2016.11.11	71370	72591	69166	69721	460725	1103547	0
2016.11.14	69746	70449	68439	70249	436132	1175024	0
2016.11.16	71166	71678	69658	71678	461284	1143883	0
2016.11.17	71754	72283	70048	70268	381005	1018210	0
2016.11.18	69711	70711	69561	70396	355628	990968	0
2016.11.21	70770	71746	70671	71701	287804	788871	0
2016.11.22	72580	73442	72097	73047	298945	862205	0
2016.11.23	72772	72922	71727	72707	298889	831309	0
2016.11.24	72691	72931	71806	71876	154272	443052	0
2016.11.25	70997	72162	70677	72102	225926	644696	0
2016.11.28	71702	73735	71667	73735	276726	798258	0
2016.11.29	73279	73317	71337	71432	289647	857254	0
2016.11.30	72231	73204	72129	72449	346729	1039763	0
2016.12.01	72132	72212	69022	69527	386288	1188459	0
2016.12.02	69257	70562	67832	70377	388193	1091248	0
2016.12.05	70928	70957	69657	69797	313630	880975	0
2016.12.06	68955	71416	68676	71231	351435	992862	0
2016.12.07	71742	72317	71222	71692	330557	955761	0
2016.12.08	72051	72400	70560	70740	323007	938044	0
2016.12.09	70724	71383	70258	70548	320116	899387	0
2016.12.12	69833	70023	68723	68948	294723	845576	0
2016.12.13	69478	69772	68382	69172	326085	922493	0
2016.12.14	69956	70505	68710	68710	306477	833478	0
2016.12.15	68792	69560	68380	69390	300962	819523	0
2016.12.16	69420	70344	69179	69229	257965	740106	0
2016.12.19	69141	69465	67630	67660	249970	701262	0
2016.12.20	67779	68645	67530	68250	272943	778827	0
2016.12.21	68093	68781	67756	68116	253686	729827	0
2016.12.22	68035	68333	67343	67843	236511	659186	0
2016.12.23	67628	68854	67628	68789	191037	538464	0
2016.12.26	68733	69570	68704	69475	47666	162141	0
2016.12.27	69531	69923	69058	69413	176024	519397	0
2016.12.28	69554	70740	69450	70560	193595	602593	0
2016.12.29	70701	71191	69921	71031	205978	610118	0
2017.01.02	70875	70875	70097	70172	125431	409323	0
2017.01.03	70770	72968	70713	72858	318136	990636	0
2017.01.04	72854	73182	72337	72782	277498	800837	0
2017.01.05	72732	73627	72672	72972	234542	728070	0
2017.01.06	72959	73037	72372	72857	206007	660505	0
2017.01.09	72633	73264	72209	72829	213601	679103	0
2017.01.10	72924	73560	72872	73450	178468	578656	0
2017.01.11	73680	73896	72606	73516	260441	836532	0
2017.01.12	74903	75925	74822	75405	270577	831249	0
2017.01.13	75205	75414	74519	74994	214121	676552	0
2017.01.16	74641	75294	74504	75024	147077	475589	0
2017.01.17	74728	75918	74523	75433	242950	800884	0
2017.01.18	75438	75951	75116	75116	219637	720132	0
2017.01.19	74937	75717	74662	75407	236464	803721	0
2017.01.20	75194	75910	75140	75700	224895	746051	0
2017.01.23	75717	77278	75688	77278	216056	731314	0
2017.01.24	77271	77572	76867	77182	272180	919062	0
2017.01.26	78069	78161	77471	77576	215416	738901	0
2017.01.27	77522	77592	77170	77365	167165	575023	0
2017.01.30	77056	77163	75053	75158	251273	910382	0
2017.01.31	75304	75906	75106	75536	242477	844428	0
2017.02.01	75857	76653	75558	75838	235214	832992	0
2017.02.02	75636	76162	74992	75507	240430	844039	0
2017.02.03	75135	76389	75024	76144	234403	818726	0
2017.02.06	75950	76291	74631	74791	228923	815295	0
2017.02.07	74990	75697	74637	74802	220830	787044	0
2017.02.08	75077	75769	74304	75709	270483	999088	0
2017.02.09	75857	76147	75272	75532	260563	922473	0
2017.02.10	76055	77178	75883	76993	252656	908774	0
2017.02.13	77172	78133	77172	77883	232565	819260	0
2017.02.14	77987	78166	77166	77786	254195	899538	0
2017.02.15	78116	79179	78024	79054	235694	808141	0
2017.02.16	78815	79565	78630	78790	268474	968900	0
2017.02.17	78459	78885	78040	78635	228497	831716	0
2017.02.20	79147	79836	79050	79691	109784	414932	0
2017.02.21	79971	80351	79741	80351	196439	700177	0
2017.02.22	79971	80014	79364	79764	205618	721527	0
2017.02.23	79994	80695	78075	78240	294444	1088571	0
2017.02.24	77847	78036	77056	77376	261942	913265	0
2017.03.01	78133	78309	77564	77704	128889	445665	0
2017.03.02	77297	77509	76024	76269	258539	903544	0
2017.03.03	76386	77427	76052	77272	270819	912526	0
2017.03.06	76913	77452	76502	76822	248141	845267	0
2017.03.07	76736	77133	75943	75953	222641	795190	0
2017.03.08	75963	76153	74628	74878	258041	935444	0
2017.03.09	74571	75251	74211	74606	306561	1127091	0
2017.03.10	75046	76099	74624	74904	278250	943836	0
2017.03.13	75304	75919	75154	75664	229586	791322	0
2017.03.14	75304	75833	74848	74968	295996	1032574	0
2017.03.15	75390	76705	74555	76555	330693	1105615	0
2017.03.16	76856	76983	75618	75838	311355	1056228	0
2017.03.17	76066	76369	74054	74229	329403	1182219	0
2017.03.20	74101	75198	73448	74728	379931	1282204	0
2017.03.21	74892	75058	72448	72488	342728	1127761	0
2017.03.22	72022	73458	71743	73048	399737	1352276	0
2017.03.23	73065	73665	72305	73170	346480	1175369	0
2017.03.24	73019	73717	72722	73707	300548	1027082	0
2017.03.27	72893	74134	72549	74064	254549	854608	0
2017.03.28	74193	74598	73648	74103	281172	970202	0
2017.03.29	74199	75531	74041	75531	242056	801060	0
2017.03.30	75224	75663	74838	75178	265568	918251	0
2017.03.31	74766	75402	74502	74627	227837	797493	0
2017.04.03	74892	75124	74429	75114	229367	776358	0
2017.04.04	74788	75522	74577	75477	210461	718985	0
2017.04.05	75882	75949	73984	74149	286208	1053088	0
2017.04.06	74279	74520	73185	73695	272586	952129	0
2017.04.07	73511	74734	73259	74069	289777	1000582	0
2017.04.10	73958	74518	73423	73983	264801	908292	0
2017.04.11	73935	74397	72572	74122	362911	1315700	0
2017.04.12	73472	73813	73053	73218	279218	997972	0
2017.04.13	72954	73245	71820	71890	271684	948628	0
2017.04.17	72142	73772	72057	73772	246605	866786	0
2017.04.18	73207	73956	72901	73321	298660	992737	0
2017.04.19	73523	73832	72287	72427	298405	1052395	0
2017.04.20	72847	73298	72408	72808	296140	1063400	0
2017.04.24	73810	74017	73402	73727	237478	829268	0
2017.04.25	73804	74371	72931	74281	276389	1049539	0
2017.04.26	74092	74705	73785	74000	297199	1101587	0
2017.04.27	74244	74543	73293	73783	268120	995340	0
2017.04.28	74103	74607	73612	74537	216364	770919	0
2017.05.02	74931	76272	74737	76237	240811	873182	0
2017.05.03	75957	76093	75148	75198	290220	1096299	0
2017.05.04	75213	75247	73693	73693	278877	1025431	0
2017.05.05	73720	74931	73386	74831	270570	1022723	0
2017.05.08	74593	75187	74312	74792	246782	875121	0
2017.05.09	74976	75720	74835	75385	243140	920025	0
2017.05.10	75827	76807	75687	76687	245971	942222	0
2017.05.11	76604	77021	76341	76721	274771	1017458	0
2017.05.12	76790	77812	76790	77317	246993	908360	0
2017.05.15	77703	77991	77366	77931	248452	939791	0
2017.05.16	78030	78245	77405	78140	243074	943582	0
2017.05.17	77748	77821	76345	76705	298500	1157155	0
2017.05.18	68937	71652	65112	69232	313003	816541	0
2017.05.19	71326	72011	69886	71081	401518	1053322	0
2017.05.22	70435	70750	68785	70085	400289	1092465	0
2017.05.23	69861	71127	69307	71092	317778	1013953	0
2017.05.24	70864	72471	70678	71796	368427	1190575	0
2017.05.25	71675	72441	71031	71776	369068	1210333	0
2017.05.26	71495	72647	71242	72617	336242	1098321	0
2017.05.29	72418	72452	71820	72265	160864	520685	0
2017.05.30	72171	72508	71783	72318	272957	922092	0
2017.05.31	72035	72301	70771	70936	287696	1012645	0
2017.06.01	70869	71441	70176	70426	287184	998777	0
2017.06.02	70711	71019	70174	70414	296696	1007808	0
2017.06.05	70424	70904	69919	70554	265130	902526	0
2017.06.06	70159	71478	70114	71138	283295	959022	0
2017.06.07	71190	71848	70998	71308	286431	1022449	0
2017.06.08	71416	71579	70355	70675	293689	1019733	0
2017.06.09	70987	71178	69978	70088	320603	1006422	0
2017.06.12	70018	70363	69103	69533	333384	1103008	0
2017.06.13	69838	69976	69301	69641	294159	1023267	0
2017.06.14	69795	70402	69232	69707	289000	1019444	0
2017.06.16	69589	69627	69002	69582	225577	820511	0
2017.06.19	69723	70129	69399	69999	242193	834905	0
2017.06.20	69745	69751	68143	68143	329459	1126064	0
2017.06.21	68357	68882	68122	68477	331268	1118726	0
2017.06.22	68518	69016	68361	68951	280516	967255	0
2017.06.23	68835	69030	68530	68745	242267	819334	0
2017.06.26	69007	70332	68985	70332	249781	860036	0
2017.06.27	69928	70119	69139	69319	313112	1098685	0
2017.06.28	69367	69721	68961	69651	280133	963732	0
2017.06.29	70155	70278	69228	70013	327867	1105329	0
2017.06.30	70311	70721	69906	70451	264134	927021	0
2017.07.03	70755	71116	70581	70901	179868	633910	0
2017.07.04	70749	71026	70666	71026	104023	383703	0
2017.07.05	70921	71148	70293	70778	278237	992533	0
2017.07.06	70583	70716	69881	69911	277951	1012632	0
2017.07.07	70078	70567	69532	69927	278996	1030775	0
2017.07.10	70011	70749	69924	70709	240646	834679	0
2017.07.11	70588	71522	70442	71402	265424	952305	0
2017.07.12	71593	72705	71460	72525	338733	1221995	0
2017.07.13	72408	73063	72391	72973	228018	805263	0
2017.07.14	72991	73432	72863	73317	226555	843643	0
2017.07.17	73319	73438	72828	72828	209128	749641	0
2017.07.18	72725	73108	72578	73108	226781	807327	0
2017.07.19	73130	73296	72471	72856	242471	868475	0
2017.07.20	72869	73170	72455	72530	250952	938700	0
2017.07.21	72475	72779	72169	72209	212516	779750	0
2017.07.24	72203	72730	72170	72695	214013	788404	0
2017.07.25	73202	73316	72866	73166	233400	847848	0
2017.07.26	73252	73483	72338	72338	291859	1100117	0
2017.07.27	72625	73200	72575	72780	269244	1003782	0
2017.07.28	72464	73094	72349	73089	219667	821184	0
2017.07.31	73474	73566	73171	73211	187072	689489	0
2017.08.01	73585	74200	73465	74200	230977	899586	0
2017.08.02	73951	74921	73796	74786	279604	1154439	0
2017.08.03	74817	74839	74202	74202	236346	949009	0
2017.08.04	74251	74677	74012	74292	250039	1028398	0
2017.08.07	74412	75650	74334	75635	244810	963838	0
2017.08.08	75361	76164	75274	75469	314910	1188267	0
2017.08.09	74928	75365	74760	75340	301672	1151433	0
2017.08.10	74922	75097	74092	74322	325776	1239115	0
2017.08.11	74023	75072	73557	74067	346093	1416198	0
2017.08.14	74761	76225	74600	75885	342402	1369122	0
2017.08.15	75916	76453	75827	76213	296954	1187367	0
2017.08.16	76376	76535	75800	76160	302944	1269874	0
2017.08.17	75949	76059	75309	75494	315016	1251855	0
2017.08.18	75478	76358	75378	76303	288951	1193045	0
2017.08.21	76529	76633	75988	76238	249712	1029242	0
2017.08.22	77132	78278	77048	78278	290473	1255482	0
2017.08.23	77855	78291	77546	77946	261374	1097626	0
2017.08.24	77992	79062	77992	78992	268581	1130075	0
2017.08.25	79181	79230	78494	78784	253690	1025176	0
2017.08.28	78617	79055	78505	78695	226443	914071	0
2017.08.29	78173	79136	78051	79086	226936	914212	0
2017.08.30	79121	79192	78303	78303	248611	1015148	0
2017.08.31	78649	78819	77954	78144	254680	1142136	0
2017.09.01	78502	79870	78485	79620	248940	1063519	0
2017.09.04	79214	79888	79165	79868	151116	627503	0
2017.09.05	80649	80910	79450	79765	358660	1645358	0
2017.09.06	80183	81485	80015	81485	325999	1429511	0
2017.09.08	81465	81655	80600	80815	258301	1115850	0
2017.09.11	81235	82411	81202	82096	291833	1221048	0
2017.09.12	82073	83168	81723	82438	393113	1711351	0
2017.09.13	82018	82949	81894	82789	449259	1781277	0
2017.09.14	82391	82696	82076	82191	374953	1501320	0
2017.09.15	82172	83616	81876	83601	310868	1327172	0
2017.09.18	83591	84255	83345	83790	369224	1532551	0
2017.09.19	83793	84097	82987	83792	369620	1551216	0
2017.09.20	83925	84196	82706	83776	476081	1807411	0
2017.09.21	83498	84133	82948	83328	410248	1704830	0
2017.09.22	83103	83413	82623	82888	338628	1443788	0
2017.09.25	82840	83010	81775	81795	368791	1489679	0
2017.09.26	82024	82538	81663	81703	382022	1613341	0
2017.09.27	81734	82185	80460	81235	415104	1793883	0
2017.09.28	81011	81406	80576	80691	391023	1598684	0
2017.09.29	81021	81918	80938	81693	375074	1602759	0
2017.10.02	82002	82029	81137	81657	396965	1674154	0
2017.10.03	82062	84410	81805	84345	464938	1988116	0
2017.10.04	84243	84700	83995	84185	430534	1801392	0
2017.10.05	84363	85715	83895	84020	479717	2016950	0
2017.10.06	84007	84333	82968	83453	452229	1695922	0
2017.10.09	83815	83892	82514	83379	352540	1354219	0
2017.10.10	83700	84459	83479	84124	499253	1892937	0
2017.10.11	84237	84518	83758	84138	407386	1585609	0
2017.10.13	84456	84963	84193	84378	369794	1459427	0
2017.10.16	84725	84818	83918	84153	337630	1343580	0
2017.10.17	84084	84287	83337	83552	315789	1271578	0
2017.10.18	83675	84090	83300	83930	319538	1209411	0
2017.10.19	83388	83518	82478	83458	379999	1445449	0
2017.10.20	83897	84291	83496	83496	390160	1518656	0
2017.10.23	83843	83865	82354	82524	418180	1663491	0
2017.10.24	82672	83601	82536	83501	473276	1822092	0
2017.10.25	83702	84120	82445	83820	520037	2116036	0
2017.10.26	84130	84307	82862	83072	520310	2101694	0
2017.10.27	83323	83858	82618	83038	531034	2043588	0
2017.10.30	82726	82820	81190	81760	465374	1747725	0
2017.10.31	81859	82075	80960	81070	476702	1887755	0
2017.11.01	81669	82185	80540	80540	475232	1820241	0
2017.11.03	80872	81081	79761	80691	591472	2086072	0
2017.11.06	81116	81233	80563	81073	470459	1697264	0
2017.11.07	81051	81105	78993	79088	547464	2042828	0
2017.11.08	79419	81269	79194	81049	521373	2031589	0
2017.11.09	80986	81117	79417	79642	641563	2202924	0
2017.11.10	79322	79670	78430	78980	499525	1696137	0
2017.11.13	78715	79409	78224	79099	500800	1791236	0
2017.11.14	79165	79447	77102	77347	587634	2039249	0
2017.11.16	77630	79415	77390	78945	561053	1972830	0
2017.11.17	78834	80147	78797	79832	510088	1677830	0
2017.11.21	80558	81770	80495	81095	460441	1693604	0
2017.11.22	81284	81762	80832	81217	583743	1899828	0
2017.11.23	81084	81251	80336	81061	323935	1103512	0
2017.11.24	81208	81291	80501	80501	307284	1104464	0
2017.11.27	80531	80726	79561	80616	416568	1430343	0
2017.11.28	80845	81527	80542	80762	527844	1857401	0
2017.11.29	80607	80979	79004	79014	617583	2216012	0
2017.11.30	79289	79316	77536	78081	668928	2195081	0
2017.12.01	77777	78701	77271	78436	666687	2320947	0
2017.12.04	78969	80071	78581	79171	555842	2087467	0
2017.12.05	79105	80542	78482	78662	644214	2371386	0
2017.12.06	78259	79714	77994	79629	739111	2642473	0
2017.12.07	79257	79349	77363	78523	749879	2707202	0
2017.12.08	79376	79696	78746	78791	455783	1551106	0
2017.12.11	79165	79616	78591	79171	481562	1736328	0
2017.12.12	78937	80636	77846	80531	570312	2112158	0
2017.12.13	80619	81581	78771	79036	698420	2345911	0
2017.12.14	78542	78869	77959	78454	563392	1904458	0
2017.12.15	78204	79216	78011	78441	536967	1850863	0
2017.12.18	78945	79688	78888	79328	426955	1449982	0
2017.12.19	79202	79213	78298	78638	418361	1412965	0
2017.12.20	78623	79606	78602	79531	351161	1257302	0
2017.12.21	79696	81471	79221	81411	462251	1730240	0
2017.12.22	81210	81604	80679	81604	338250	1249180	0
2017.12.26	81360	82098	81133	82063	328779	1097025	0
2017.12.27	82229	82568	82073	82233	289810	989740	0
2017.12.28	82530	82615	82380	82435	188356	685830	0
2018.01.02	82702	84128	82648	84003	297839	1080758	0
2018.01.03	84162	84746	83791	84146	404557	1434381	0
2018.01.04	84398	85528	84278	85018	455394	1713874	0
2018.01.05	85278	85471	84486	85441	493642	1745350	0
2018.01.08	85665	85837	84897	85742	438556	1599762	0
2018.01.09	85589	85819	84949	85089	413844	1550791	0
2018.01.10	84677	84809	84284	84459	440123	1541018	0
2018.01.11	84312	85655	84301	85610	408070	1489910	0
2018.01.12	85208	85778	85063	85583	508288	1786159	0
2018.01.15	85665	86162	85537	86157	322591	1148909	0
2018.01.16	86336	86565	85875	86095	515496	1895495	0
2018.01.17	86040	87591	85921	87526	474080	1739927	0
2018.01.18	87409	87698	86728	87158	532209	1978489	0
2018.01.19	87377	87792	87117	87452	467770	1775389	0
2018.01.22	87388	87985	87160	87895	418649	1533177	0
2018.01.23	87865	87998	86713	86828	523780	1998592	0
2018.01.24	87006	90337	86995	90202	816046	2960548	0
2018.01.26	90817	92222	90322	92097	690175	2488563	0
2018.01.29	91810	91908	90763	91048	575980	2013621	0
2018.01.30	90495	91074	90219	90944	594317	2191461	0
2018.01.31	91204	92720	91032	91525	629452	2273505	0
2018.02.01	91730	92573	91068	91948	691627	2478074	0
2018.02.02	90817	91064	90054	90454	659759	2343019	0
2018.02.05	89926	90673	87538	87538	764563	2738113	0
2018.02.06	87436	90794	86464	90559	1107001	3381811	0
2018.02.07	90061	90728	88613	89038	833310	2676212	0
2018.02.08	88617	89693	87088	87318	916308	3307428	0
2018.02.09	87479	88025	85555	86985	1054212	3363035	0
2018.02.14	89980	90949	89409	90649	450493	1452192	0
2018.02.15	91472	91943	91098	91403	677335	2409326	0
2018.02.16	91682	91823	90908	91823	589027	2057725	0
2018.02.19	92052	92185	91685	91930	285887	961263	0
2018.02.20	91408	93562	91277	93072	669997	2579676	0
2018.02.21	92970	94702	92825	92942	689822	2462945	0
2018.02.22	93399	94509	93139	93994	730812	2561739	0
2018.02.23	94467	94613	93278	94608	690315	2520946	0
2018.02.26	95101	95683	94543	94998	624757	2223619	0
2018.02.27	94650	95185	93835	94060	551350	1922580	0
2018.02.28	94006	94401	92381	92416	712020	2724475	0
2018.03.01	92106	93392	91532	92487	946623	3483976	0
2018.03.02	91977	92899	90789	92799	795439	2817660	0
2018.03.05	92642	93274	92009	92854	657792	2282344	0
2018.03.06	93614	94108	92423	92423	728625	2607599	0
2018.03.07	91945	92592	91232	92332	678475	2460970	0
2018.03.08	92540	92857	91297	91912	706354	2575410	0
2018.03.09	91719	93453	91643	93313	648731	2352886	0
2018.03.12	93716	94111	93496	93736	534360	1998927	0
2018.03.13	94049	94431	92941	93366	703174	2879627	0
2018.03.14	93861	94016	92556	92856	648438	2703192	0
2018.03.15	92889	92894	91457	92017	548773	2161331	0
2018.03.16	91719	92311	91191	91191	667382	2620801	0
2018.03.19	90737	91314	90259	90794	692639	2689117	0
2018.03.20	91027	91152	90362	90847	653334	2375072	0
2018.03.21	90662	92126	90586	91801	658700	2422313	0
2018.03.22	91623	92233	90758	90828	861004	3423482	0
2018.03.23	90479	92232	90392	91307	1018429	3370838	0
2018.03.26	92020	92251	90886	92001	834989	2701365	0
2018.03.27	92315	92427	90042	90087	930668	3138529	0
2018.03.28	89926	90608	89273	90398	919572	3450785	0
2018.03.29	90769	92294	90519	92054	651429	2513819	0
2018.04.02	91687	92280	90625	91275	790791	3065116	0
2018.04.03	91558	91966	90616	90721	824227	3292039	0
2018.04.04	89722	91162	89042	91162	829577	3192936	0
2018.04.05	92750	92981	91466	91701	694527	2726890	0
2018.04.06	91209	91604	90124	91084	899746	3339770	0
2018.04.09	91751	91751	89381	89566	725319	2774830	0
2018.04.10	90093	90933	89583	90933	825604	2976078	0
2018.04.11	90587	91869	90344	91869	651466	2428194	0
2018.04.12	92111	92213	91309	91689	602693	2350419	0
2018.04.13	91891	92007	90292	90322	665031	2323399	0
2018.04.16	90404	90905	88755	88755	737162	2588150	0
2018.04.17	89148	90372	88742	90242	678204	2475839	0
2018.04.18	90477	92360	90445	91670	575179	2188429	0
2018.04.19	92042	92278	91363	92018	805111	2878371	0
2018.04.20	91893	92220	91135	92220	628217	2315178	0
2018.04.23	91829	91955	90820	91915	622566	2372142	0
2018.04.24	92414	92877	91232	91652	821115	3130767	0
2018.04.25	91057	91491	90316	91491	790285	2689647	0
2018.04.26	91616	92905	91330	92810	571709	2073121	0
2018.04.27	92755	93393	92408	92553	590688	2287263	0
2018.04.30	92733	92922	91812	91822	445233	1538926	0
2018.05.02	91648	91859	90369	90494	649214	2222572	0
2018.05.03	90531	90562	89052	89157	779851	2850462	0
2018.05.04	89190	89544	88439	88924	702698	2660767	0
2018.05.07	89062	89501	88301	88301	614044	2213883	0
2018.05.08	88339	89228	87878	89048	839708	2983798	0
2018.05.09	89435	90335	88545	90125	738824	2758771	0
2018.05.10	90334	92158	90113	91778	700158	2439952	0
2018.05.11	91983	92400	91040	91410	684722	2483642	0
2018.05.14	91435	92004	90464	91324	675800	2366838	0
2018.05.15	90903	91416	89531	91271	849116	3083356	0
2018.05.16	91089	92636	90696	92386	681944	2424757	0
2018.05.17	91967	92137	89089	89304	857828	3075646	0
2018.05.18	89584	89690	86957	88527	989594	3486539	0
2018.05.21	89052	89591	87186	87671	892165	3182286	0
2018.05.22	87732	89139	87054	88309	913642	3240027	0
2018.05.23	87264	87671	86211	86511	863036	2796710	0
2018.05.24	84763	85654	84189	85394	883044	2882820	0
2018.05.25	85471	86054	83839	84174	844580	2987883	0
2018.05.28	83465	83718	79948	80038	846332	2744395	0
2018.05.29	79640	82273	79608	80798	1203184	4032400	0
2018.05.30	81252	82257	80442	82227	1146286	3607826	0
2018.06.01	82550	83283	80253	82638	1087910	3531326	0
2018.06.04	83119	83773	82928	83588	851373	2805336	0
2018.06.05	83412	83971	81346	81491	958075	3278807	0
2018.06.06	81768	82013	80217	80377	1015154	3264996	0
2018.06.07	80603	81032	75742	78852	1362285	4164448	0
2018.06.08	78650	78863	76116	77541	1358331	3783825	0
2018.06.11	77592	78466	76541	76846	1010204	3120233	0
2018.06.12	76719	77968	76198	77523	887095	2755129	0
2018.06.13	76986	77276	74951	76326	952901	2980977	0
2018.06.14	76438	76706	74976	75286	960641	2966654	0
2018.06.15	74986	75292	73302	74302	874611	2839354	0
2018.06.18	73701	74114	73044	73514	755894	2252467	0
2018.06.19	72323	75957	72297	75137	935477	3117016	0
2018.06.20	75446	76384	74844	76199	892256	2795065	0
2018.06.21	75654	75936	73426	73426	801306	2544453	0
2018.06.22	73837	74800	73535	74070	697533	2226729	0
2018.06.25	73963	75298	73358	75123	848096	2737668	0
2018.06.26	74902	75369	73769	74894	931179	2620331	0
2018.06.27	75221	75703	73658	73973	894819	2633253	0
2018.06.28	73983	75778	73788	75388	846201	2721923	0
2018.06.29	76051	76712	75722	76007	734709	2207268	0
2018.07.02	75613	76861	75381	76861	576806	1745880	0
2018.07.03	77101	78317	76932	77382	689293	2321514	0
2018.07.04	77378	78676	77081	78676	528983	1746256	0
2018.07.05	79059	79190	77388	78118	823917	2655828	0
2018.07.06	77910	78962	77607	78892	692559	2099711	0
2018.07.10	79184	79568	77963	77963	735371	2402044	0
2018.07.11	77592	78753	77508	78243	764169	2558097	0
2018.07.12	78516	79797	78392	79797	659221	2113591	0
2018.07.13	79790	80595	79195	80430	611602	2057204	0
2018.07.16	80250	80704	79794	80589	611174	1996996	0
2018.07.17	80469	82318	80173	81828	672823	2153482	0
2018.07.18	81837	82238	80828	80888	672707	2213206	0
2018.07.19	80673	82386	79496	82386	843129	2574537	0
2018.07.20	82840	83891	82026	82111	848570	2469190	0
2018.07.23	82208	82364	81504	81574	701848	2167460	0
2018.07.24	82558	83313	82448	82858	727923	2274762	0
2018.07.25	82808	84221	82651	83981	759628	2529241	0
2018.07.26	84072	84236	82781	83401	813131	2593527	0
2018.07.27	83759	84062	83182	83812	705108	2259252	0
2018.07.30	83858	84250	83410	83965	565597	1951550	0
2018.07.31	83900	84008	82683	82833	674408	2241081	0
2018.08.01	82709	83414	82374	82944	686755	2350184	0
2018.08.02	82297	83586	82021	83501	652733	2259362	0
2018.08.03	84072	85513	83823	85083	707874	2560000	0
2018.08.06	85237	85729	84594	84629	621045	2117260	0
2018.08.07	85284	85516	83516	84281	811765	2871317	0
2018.08.08	84156	84534	82319	82354	827445	2704930	0
2018.08.09	82464	82994	81594	82184	761588	2408733	0
2018.08.10	81503	81808	79438	79823	920792	3003544	0
2018.08.13	79581	81288	78758	81183	966281	3086241	0
2018.08.14	81586	82232	81067	81862	831501	2612988	0
2018.08.15	81435	81435	79520	80280	86632	289734	0
2018.08.16	80824	81141	79726	80321	948028	2977570	0
2018.08.17	79830	79835	78911	79181	755753	2374842	0
2018.08.20	79525	79853	78818	79718	807976	2689973	0
2018.08.21	80032	80053	78024	78024	862759	2837402	0
2018.08.22	78168	80378	77503	80378	876404	3092507	0
2018.08.23	80146	80558	78668	79023	880874	3013745	0
2018.08.24	79535	79995	78930	79745	674732	2278894	0
2018.08.27	80032	81307	79762	80832	625320	2124101	0
2018.08.28	81124	81323	80333	81218	712620	2489562	0
2018.08.29	80809	82121	80519	81926	651251	2286366	0
2018.08.30	81482	81584	79229	79229	828295	2519945	0
2018.08.31	79313	80365	79055	79845	815240	2822128	0
2018.09.03	79923	79923	78765	79295	463033	1630090	0
2018.09.04	78795	79167	77622	77647	780085	2561086	0
2018.09.05	77299	78436	77071	77861	760363	2582997	0
2018.09.06	78096	81260	77951	80085	783441	2735582	0
2018.09.10	80705	80870	79185	79670	800044	2751239	0
2018.09.11	78396	78552	77242	77927	775990	2485130	0
2018.09.12	78479	78702	77442	77907	745146	2613025	0
2018.09.13	78572	78699	77439	77479	691895	2265313	0
2018.09.14	77765	78662	77327	78467	740371	2533109	0
2018.09.17	78127	79977	77767	79677	838183	2894423	0
2018.09.18	80239	81528	79543	80803	915425	3069194	0
2018.09.19	80379	82065	80195	81060	798292	2754348	0
2018.09.20	81207	81971	80756	81166	711146	2318308	0
2018.09.21	81585	83147	81327	82157	844863	2735097	0
2018.09.24	81870	82443	80743	81003	832013	2627136	0
2018.09.25	79825	81697	79622	81697	903873	2884339	0
2018.09.26	81668	82556	81266	81511	972438	3111809	0
2018.09.27	81363	83176	81311	82666	789977	2512058	0
2018.09.28	82305	82858	81723	82138	778006	2298943	0
2018.10.01	82325	82554	81024	81809	903204	3028086	0
2018.10.02	82864	84860	82830	84790	1002339	3250954	0
2018.10.03	86959	88579	85904	86744	1201748	3606884	0
2018.10.04	85737	86641	84971	86041	1061125	3422884	0
2018.10.05	87668	88064	85104	85734	975302	3021752	0
2018.10.08	89557	91063	88418	89363	1202921	3742572	0
2018.10.09	88750	89827	88497	88917	1127454	3407446	0
2018.10.10	88429	88713	86558	86558	1129501	3501606	0
2018.10.11	86938	87998	85643	86658	1299240	4068774	0
2018.10.15	87269	87524	85984	85984	1028432	3343609	0
2018.10.16	86762	88985	86565	88865	1011620	3354213	0
2018.10.17	89350	90095	88700	89620	1105656	3645386	0
2018.10.18	89247	89436	87316	87536	1038793	3470886	0
2018.10.19	88310	88703	87323	88098	1031990	3480218	0
2018.10.22	88936	89538	88528	89178	887210	2764510	0
2018.10.23	88206	89328	87608	89308	1103473	3517934	0
2018.10.24	89350	89521	86491	86711	1162614	4094979	0
2018.10.25	87217	88544	86854	87279	1095413	3801021	0
2018.10.26	86565	89763	86528	89553	1322979	4544121	0
2018.10.29	92612	93591	86356	87046	1652261	5150348	0
2018.10.30	87797	90913	87478	90633	1542474	4874622	0
2018.10.31	91628	92107	89927	90837	1321072	4277197	0
2018.11.01	91794	92791	90766	91571	1219102	4078536	0
2018.11.05	92208	93338	92038	93123	1130080	3804706	0
2018.11.06	92803	93097	91752	92322	1102478	3839161	0
2018.11.07	93409	93454	91144	91549	1179167	3930747	0
2018.11.08	91716	92329	89124	89144	1163419	3706999	0
2018.11.09	88657	89773	87373	89258	1246858	3827745	0
2018.11.10	91110	93180	91110	93160	88	925	0
2018.11.12	88998	89771	88421	89126	1340477	3982276	0
2018.11.13	89454	89553	87443	88363	1433703	4574311	0
2018.11.14	88532	89362	87602	89362	1401656	4459534	0
2018.11.16	90075	92116	89536	91946	1295463	3813996	0
2018.11.19	91783	91809	90467	91347	1155401	3666274	0
2018.11.21	90070	90775	89630	90625	1183446	3626465	0
2018.11.22	90582	91066	90296	90761	733018	2448538	0
2018.11.23	90577	90681	89156	89416	1051039	3416035	0
2018.11.26	90282	90529	88114	88669	1285908	4254335	0
2018.11.27	88993	91318	88493	90983	1258987	4149940	0
2018.11.28	91110	92827	90437	92337	1287169	4218589	0
2018.11.29	92094	93287	91552	92862	1169445	3919077	0
2018.11.30	92451	92741	92306	92541	36871	114148	0
2018.12.13	90447	91041	90046	90881	800664	2959777	5
2018.12.14	90083	91317	90032	90272	1043996	3579172	0
2018.12.17	90503	90844	89319	89429	1190413	3873247	0
2018.12.18	89590	90330	89415	89655	1114381	3946555	0
2018.12.19	90083	91139	88054	88374	1294060	4669817	0
2018.12.20	88287	89567	87617	88607	1341172	4955590	0
2018.12.21	88621	89501	88001	88216	1311609	4972890	0
2018.12.26	88133	88269	86639	87969	1205691	4339189	0
2018.12.27	87579	88542	87437	88322	1143576	4361242	0
2018.12.28	89334	90935	89085	90470	1015060	3866483	0
2019.01.02	90083	94415	89865	93855	1302571	5210946	0
2019.01.03	93484	94542	92802	94117	1477319	5428641	0
2019.01.04	94613	95744	93759	94854	1578841	5417051	0
2019.01.07	94802	95491	94176	94641	1531260	5455425	0
2019.01.08	95110	95183	94003	95088	1461480	5327069	0
2019.01.09	95510	96614	95249	96579	1398350	4898414	0
2019.01.10	96121	96981	95996	96811	1358808	4913593	0
2019.01.11	97060	97081	96232	96522	1086913	3779894	0
2019.01.14	96023	97393	95983	97273	1114800	4040989	0
2019.01.15	97470	97570	96205	97035	1337319	4884865	0
2019.01.16	97265	97265	96507	97247	1244156	4537736	0
2019.01.17	96865	98551	96726	98221	1252884	4698974	0
2019.01.18	98147	99288	98073	98793	1175686	4546496	0
2019.01.21	98650	99099	97619	99099	935218	3469749	0
2019.01.22	98537	98913	97363	97568	1465944	5351076	0
2019.01.23	97993	99409	97983	99229	1453690	5792214	0
2019.01.24	99219	100443	99123	100443	1244532	4680601	0
2019.01.28	99040	99401	97466	98131	1507121	5468081	0
2019.01.29	98106	99535	98106	98260	1339785	5032128	0
2019.01.30	99050	99937	98512	99667	1331729	4889118	0
2019.01.31	100240	101179	99984	100269	1378563	5072636	0
2019.02.01	99994	100799	99694	100594	1316993	4865419	0
2019.02.04	101025	101334	99504	101019	1535598	5734345	0
2019.02.05	101087	101304	100294	101029	1531409	5523659	0
2019.02.06	100579	100635	96988	97208	1737839	6382476	0
2019.02.07	97265	98194	96014	96854	1962822	7090154	0
2019.02.08	96598	98070	95890	97520	1997308	7305378	0
2019.02.11	98291	98606	96216	96831	1821891	6469475	0
2019.02.12	97424	99130	97424	98440	1686589	6135321	0
2019.02.13	98832	99303	97833	98453	1573361	5690079	0
2019.02.14	98609	100666	97261	100551	1963040	6641120	0
2019.02.15	100219	100773	99493	99818	1865397	6358442	0
2019.02.18	99487	99629	98634	98924	1428989	5033112	0
2019.02.19	98736	100657	98557	99737	1806332	6507603	0
2019.02.20	99995	100993	98723	99113	2045833	7153123	0
2019.02.21	99396	99771	98081	99351	1817104	6334533	0
2019.02.22	99772	100556	99306	100186	1489159	5370143	0
2019.02.25	100676	100858	99398	99623	1592237	5659317	0
2019.02.26	99345	100289	99104	99839	1524920	5433132	0
2019.02.27	99640	100064	99144	99504	1564224	5279958	0
2019.02.28	99492	99781	97476	97476	1691467	6100669	0
2019.03.01	98025	98316	96466	96696	1589982	5835837	0
2019.03.06	96384	96992	96012	96172	811734	2778481	0
2019.03.07	96095	96695	95760	96665	1571444	5703086	0
2019.03.08	96115	97596	95306	97436	1562120	5391926	0
2019.03.10	101738	102522	101297	102342	42881	5098714	0
2019.03.11	97837	100253	97643	100118	1385120	5181063	0
2019.03.12	99894	100503	99363	99983	1716408	6049342	0
2019.03.13	100310	101461	99466	100731	1829312	6118858	0
2019.03.14	100920	101206	99836	100636	1745120	5776427	0
2019.03.15	100991	101493	100108	100808	1640962	5176833	0
2019.03.18	101062	102122	100920	102112	1362022	4517440	0
2019.03.19	102088	102504	101319	101444	1540312	5409164	0
2019.03.20	101473	101822	99372	99372	1772371	6121544	0
2019.03.21	99243	99901	97316	98731	2020847	6721964	0
2019.03.22	96877	97226	95011	95021	2064293	6575517	0
2019.03.25	93652	96174	93525	95544	2122564	6980550	0
2019.03.26	96242	97374	95674	96604	2016648	6980979	0
2019.03.27	95688	96040	91910	92080	2335708	7423847	0
2019.03.28	92377	96657	92372	96122	2101833	6862037	0
2019.03.29	96831	97703	96538	96858	2060166	5746323	0
2019.04.01	97938	98494	97419	97669	1466614	4857483	0
2019.04.02	98126	98430	96475	97260	1825396	6325473	0
2019.04.03	98146	98346	95771	96546	2180967	6784063	0
2019.04.04	96491	98324	95954	98099	1978362	6769013	0
2019.04.05	98309	99225	97790	98935	1757591	5826629	0
2019.04.08	98934	99325	98330	99000	1784379	5817229	0
2019.04.09	98664	98809	97134	97929	1718918	6089032	0
2019.04.10	98532	98636	97286	97441	1751708	6265974	0
2019.04.11	97202	97488	95688	96648	1636190	6095856	0
2019.04.12	95165	96301	93991	94546	2019941	7391108	0
2019.04.15	94977	95322	94192	94487	2095171	7280192	0
2019.04.16	94825	96559	94269	95939	1906158	7071157	0
2019.04.17	95206	95752	93697	95042	1533911	5716695	0
2019.04.18	95579	96729	94829	95659	1761554	6495407	0
2019.04.22	95679	96519	95114	96044	1816591	6257586	0
2019.04.23	96384	97819	96334	97419	1753117	6633218	0
2019.04.24	97794	97904	95509	96519	1788197	6996273	0
2019.04.25	96682	97962	95507	97787	1777494	6632300	0
2019.04.26	97583	98167	96947	97537	1558712	5842377	0
2019.04.29	97789	98524	97359	97489	1541426	5583468	0
2019.04.30	97800	98110	96930	97680	1580093	5615781	0
2019.05.02	97044	97255	96545	96775	1466045	5528041	0
2019.05.03	97059	97659	97039	97249	1121212	4210403	0
2019.05.06	95956	96356	95751	95941	1203338	4380871	0
2019.05.07	95795	95990	93870	95990	1798647	7196774	0
2019.05.08	95599	97579	95559	96634	1606548	5860384	0
2019.05.09	96183	96424	95009	95919	1751503	6191002	0
2019.05.10	95518	96093	94298	94968	1830191	6882999	0
2019.05.13	94043	94043	91632	91632	1944848	7038731	0
2019.05.14	92572	93582	92496	92927	1818448	6923496	0
2019.05.15	92406	92810	91265	92170	1903929	6866639	0
2019.05.16	92643	92752	90687	91072	1815499	7014948	0
2019.05.17	90588	92389	90294	91354	1859490	7391862	0
2019.05.20	90775	93326	90731	93316	2024302	7158606	0
2019.05.21	93388	95644	92929	95624	1945461	7416304	0
2019.05.22	95297	96232	94842	95642	1989197	7131481	0
2019.05.23	94622	95538	94193	95018	1756160	6660480	0
2019.05.24	95397	95877	94332	94332	1626858	6267931	0
2019.05.27	94909	96419	94869	95909	1312102	4960103	0
2019.05.28	95931	97506	95531	97276	1886869	7277706	0
2019.05.29	96732	97896	96521	97176	1826025	7068746	0
2019.05.30	97291	98860	97055	98480	1632402	6426990	0
2019.05.31	97724	98924	97569	97754	1664831	6386589	0
2019.06.03	97694	98579	97204	97899	1668640	6252309	0
2019.06.04	98263	98734	97369	98414	1859256	6753071	0
2019.06.05	98635	98684	96409	97094	1795590	6840798	0
2019.06.06	97291	98261	96856	97581	1713883	6369830	0
2019.06.07	98097	99177	97917	98752	1520176	5568577	0
2019.06.10	98197	98576	97481	97861	1606714	6152253	0
2019.06.11	98414	99795	98414	99795	1634872	6049789	0
2019.06.12	100344	100931	99866	100021	128475	390815	0
2019.06.28	104006	104165	102965	103125	1429979	5374782	5
2019.07.01	104555	104971	103606	103921	1595464	5860701	0
2019.07.02	103741	104072	102267	102897	1917505	7513232	0
2019.07.03	102968	104650	102085	104385	1718700	6594977	0
2019.07.04	104534	106474	104534	105849	1250925	5074803	0
2019.07.05	106126	106651	105056	106651	1365383	5467873	0
2019.07.08	106273	107142	106146	107062	1362039	5392015	0
2019.07.10	107875	109068	101348	107963	1509646	6356845	0
2019.07.11	108765	108981	107161	107476	1628617	6321514	0
2019.07.12	107443	108020	105950	106295	1830968	7395817	0
2019.07.15	106680	107051	105751	106471	1672808	6600286	0
2019.07.16	106528	106728	105548	106153	1842450	7241212	0
2019.07.17	106223	106710	105920	106120	1668288	6689588	0
2019.07.18	105933	107127	105831	107127	1336354	5782905	0
2019.07.19	107290	107376	105449	105464	1422345	6259751	0
2019.07.22	105867	106487	105687	106192	1477194	5901777	0
2019.07.23	106400	106666	105596	106131	1541545	6322348	0
2019.07.24	105872	106753	105843	106058	1447232	5727779	0
2019.07.25	106370	106601	104396	104741	1680184	7706595	0
2019.07.26	105155	105376	104206	104826	1656601	6519024	0
2019.07.29	105145	105728	104468	105728	1485511	5963406	0
2019.07.30	105307	105608	104563	104963	1614976	6450629	0
2019.07.31	105206	105376	102816	103736	1937476	7681475	0
2019.08.01	104239	106028	103723	103773	1862483	7442827	0
2019.08.02	103324	105107	103157	104662	1899500	7493048	0
2019.08.05	103034	103146	101416	101686	2068460	7496120	0
2019.08.06	102704	104109	102494	104059	1985042	7283769	0
2019.08.07	104341	104870	102240	104625	2227056	8179649	0
2019.08.08	104997	106218	104913	106218	2230360	7920933	0
2019.08.09	105714	106692	105322	105727	1914785	6844814	0
2019.08.10	101088	102267	100472	100597	73687	9300719	0
2019.08.12	104748	104819	103327	103447	1939156	7110895	0
2019.08.13	103131	105590	102870	105305	1777273	6682712	0
2019.08.14	103721	103883	101943	102038	113007	393806	0
2019.08.23	101108	101433	98423	99103	1377294	5068773	5
2019.08.26	99667	99977	96377	96662	1936804	7178552	0
2019.08.27	97424	99369	97169	98569	2114617	8364604	0
2019.08.28	98105	99830	97660	99225	2006831	7308492	0
2019.08.29	99868	102296	99868	102241	1805175	6705725	0
2019.08.30	102665	103141	102161	103036	1870266	6975340	0
2019.09.02	102937	103076	101816	102116	1404179	5198106	0
2019.09.03	101632	102897	100672	101217	1578373	6725361	0
2019.09.04	102489	102628	101773	102413	1550680	5992501	0
2019.09.05	103194	104665	103154	103390	1581630	6508825	0
2019.09.06	103854	104560	103745	104330	1623432	6190032	0
2019.09.07	103804	103804	102804	103304	44	1036	0
2019.09.09	104812	105636	104091	104591	1670120	6754239	0
2019.09.10	104308	104853	103548	104308	1888170	7244177	0
2019.09.11	104655	105471	104436	104886	1781793	6951141	0
2019.09.12	105537	105947	105072	105392	1394135	5643489	0
2019.09.13	105920	106096	104446	104696	1521137	6044619	0
2019.09.16	104560	105255	103920	104945	1791974	6915240	0
2019.09.17	104429	106019	104094	105984	1686006	6678522	0
2019.09.18	106076	106091	104751	105746	1728440	6623238	0
2019.09.19	106389	107275	105350	105600	1644464	6451984	0
2019.09.20	105971	106246	104971	105776	1837050	6961963	0
2019.09.23	105436	105837	105097	105802	1462651	5710547	0
2019.09.24	106207	106242	104507	105017	1531521	6093378	0
2019.09.25	104267	105607	104072	105497	1578051	6329043	0
2019.09.26	106006	106416	105346	106131	1636776	5953296	0
2019.09.27	106369	106725	105530	106325	1402106	5434207	0
2019.09.30	106575	106599	105669	105919	1383476	5351019	0
2019.10.01	106001	106172	104782	104862	1493181	6231986	0
2019.10.02	104081	104202	101752	101832	1620686	7096729	0
2019.10.03	102237	102521	100701	102341	1907143	8024324	0
2019.10.04	101965	103570	101830	103240	1841429	7429801	0
2019.10.07	102897	103362	101157	101392	1987699	7720279	0
2019.10.08	1001	102236	1001	100596	477104	3316409	0
2019.10.09	101587	102442	100997	102152	1484347	5782299	0
2019.10.10	101889	103364	101869	103079	1765838	6853590	0
2019.10.11	104106	105395	103630	104310	1298066	6682988	0
2019.10.14	104136	105251	104060	105251	901448	4688248	0
2019.10.16	105010	106315	104340	106085	353864	1421170	0
2019.10.17	106330	106765	105590	105940	1893429	7215330	0
2019.10.18	105895	106275	105255	105300	383057	1438795	0
2019.10.21	105690	106960	105410	106960	1465658	5438730	0
2019.10.22	106780	108220	106635	107700	1630142	6421633	0
2019.10.23	107550	108740	107510	108200	1679225	6418062	0
2019.10.24	108500	108630	107280	107820	1640185	6550141	0
2019.10.25	107900	108865	1080	108080	1476609	7044293	0
2019.10.28	108310	109130	107955	108540	1448178	5453965	0
2019.10.29	108520	108720	107895	108370	1510930	5806914	0
2019.10.30	108100	109065	107125	109000	1524183	6539042	0
2019.10.31	108685	108705	106900	107605	1385981	6840248	0
2019.11.01	107955	109145	107900	108970	1629992	6511321	0
2019.11.04	109710	109970	108960	109335	1716184	6557671	0
2019.11.05	109560	109920	108790	109165	1924995	7708087	0
2019.11.06	109300	110330	107745	108900	1965253	7592556	0
2019.11.07	109445	110290	109050	109935	1904641	7549807	0
2019.11.08	109200	109480	107540	107900	2007889	7881218	0
2019.11.11	107535	108895	107165	108825	1854031	7349367	0
2019.11.12	108930	108985	106615	106935	2097776	8743623	0
2019.11.13	106610	107265	105625	106600	2171530	8816691	0
2019.11.14	106700	107240	106160	106955	1689827	6615524	0
2019.11.18	107850	108215	106550	106550	1680858	6561989	0
2019.11.19	107100	107350	105690	106160	1753660	7228938	0
2019.11.21	105810	108000	105725	108000	1890504	8256859	0
2019.11.22	107955	108995	107520	108940	1697805	6899464	0
2019.11.25	109255	109375	108365	108600	1778663	7332218	0
2019.11.26	108430	108530	106645	107675	1934802	7817777	0
2019.11.27	107825	108235	106450	107930	1942396	8297721	0
2019.11.28	107785	108665	107375	108600	1586567	5857467	0
2019.11.29	108300	109010	107945	108430	1952982	8431342	0
2019.12.02	108315	109585	108250	108995	1902829	8015580	0
2019.12.03	109000	109680	108330	109160	2088199	9556640	0
2019.12.04	109750	110555	109355	110460	1682008	7613765	0
2019.12.05	110655	111330	110135	110715	1750332	8171170	0
2019.12.06	110945	111640	110815	111135	1292264	5767763	0
2019.12.09	110930	111570	110910	111155	1264325	5825509	0
2019.12.10	110940	110945	110255	110785	660648	3051504	0
2019.12.11	111000	111285	110600	111055	1514203	7143953	0
2019.12.12	111505	112595	111380	112285	1372264	6978514	0
2019.12.13	112500	112970	111880	112720	1762805	8241239	0
2019.12.16	112970	113345	111905	112150	1295127	5890989	0
2019.12.17	112395	112820	111950	112530	1611896	7415092	0
2019.12.18	112510	114110	112280	114015	120755	432380	0
2019.12.19	114590	115895	114330	115785	1227074	5761212	5
2019.12.20	115630	116025	115125	115750	1580226	6685538	0
2019.12.23	115955	116440	115535	116380	1108206	4677312	0
2019.12.26	116580	117925	116235	117700	1112884	4895311	0
2019.12.27	117800	118570	116560	116880	1804596	7321777	0
2019.12.30	116960	117720	115770	115770	1554208	6241114	0
2020.01.02	117070	119100	116865	119100	1677027	7389956	0
2020.01.03	117410	119405	116995	118285	2241076	9160670	0
2020.01.06	117790	118260	116785	117360	2347932	9733277	0
2020.01.07	117760	117925	116340	117110	2108472	8851342	0
2020.01.08	117205	117885	116080	116295	2468876	10371140	0
2020.01.09	117240	117355	115810	116355	2407838	10122131	0
2020.01.10	116815	117230	115320	115940	2036202	8659952	0
2020.01.13	116330	117890	116120	117875	2124337	8747811	0
2020.01.14	117690	118100	116955	117900	1994508	9082835	0
2020.01.15	117820	117840	116525	116790	2078259	8628689	0
2020.01.16	117100	117540	116230	117030	2126544	9109108	0
2020.01.17	117400	118810	117225	118800	1631927	6737240	0
2020.01.20	118605	119175	118135	119090	1788189	6884522	0
2020.01.21	118300	118900	117100	117210	2112895	8900663	0
2020.01.22	117770	118670	117685	118550	1822010	7632209	0
2020.01.23	118200	119875	117115	119785	2410205	10331062	0
2020.01.24	119895	120080	118270	118500	2581703	10847237	0
2020.01.27	116600	116890	114450	114670	2663455	10963937	0
2020.01.28	115045	117050	114930	116585	2580298	10865179	0
2020.01.29	116990	117395	115260	115540	2855020	11135682	0
2020.01.30	114260	115785	112910	115500	2932368	12067888	0
2020.01.31	114600	114685	113220	113880	3202167	12696194	0
2020.02.03	114450	115500	113595	114760	2611679	11034811	0
2020.02.04	116275	116785	115570	115670	2562897	10833744	0
2020.02.05	116795	117855	116170	116450	2310479	10562287	0
2020.02.06	117000	117535	114775	115250	2578560	11004752	0
2020.02.07	114875	115245	113535	113570	2502520	10296452	0
2020.02.10	113655	114195	112135	113105	2652879	9936696	0
2020.02.11	113735	115620	113565	115420	2743154	10984206	0
2020.02.12	117020	118420	116310	117350	2311801	9801557	0
2020.02.13	116105	116705	115440	116195	2651450	10617027	0
2020.02.14	116750	116930	114765	114975	2320992	9646715	0
2020.02.17	115500	116395	115320	115700	1937670	7375245	0
2020.02.18	114850	115760	114140	115760	2277121	9135614	0
2020.02.19	115950	117220	115280	116980	2335084	9365027	0
2020.02.20	116720	117180	114900	114900	2886348	11377650	0
2020.02.21	114400	114510	113180	114275	2580406	9684063	0
2020.02.26	108710	109135	105470	106085	2393117	9279384	0
2020.02.27	104750	107185	103000	103070	4509057	17392440	0
2020.02.28	101350	104920	100335	104915	4854575	19141566	0
2020.03.02	103860	107760	103090	107500	4395056	16226490	0
2020.03.03	107655	109960	104775	105600	4735605	17782746	0
2020.03.04	107500	108495	105350	107415	3922750	14430307	0
2020.03.05	105800	106545	100760	102600	3767106	14792535	0
2020.03.06	99090	99805	97165	98040	4508139	15398343	0
2020.03.09	88540	90890	86080	86080	2197208	4894984	0
2020.03.10	90665	92780	87355	92625	4992175	12517084	0
2020.03.11	89600	90680	80540	80580	3928776	11249393	0
2020.03.12	76365	76365	72125	72125	102405	338001	0
2020.03.13	79300	82940	72510	80020	1642597	2892333	0
2020.03.16	74415	76425	70280	70280	1970324	3356663	0
2020.03.17	70625	77410	70600	73300	3424496	5456038	0
2020.03.18	67255	70300	63520	68100	1513143	2508849	0
2020.03.19	66150	70060	61450	65500	3094171	4707757	0
2020.03.20	69805	72385	65780	66390	5251157	8133013	0
2020.03.23	64240	69965	61900	63920	4907702	8148760	0
2020.03.24	68380	71700	66670	69000	2947793	5782298	0
2020.03.25	68510	76800	67740	74600	4616869	9677961	0
2020.03.26	73100	78850	72215	77650	4815725	10161881	0
2020.03.27	74760	75810	72500	73450	4617316	10116748	0
2020.03.30	73400	75160	72820	75160	4338541	10195830	0
2020.03.31	75100	75485	71880	71950	3809717	10310565	0
2020.04.01	69925	71570	68870	71200	4059619	10625357	0
2020.04.02	72810	74040	71010	72250	4467869	11036750	0
2020.04.03	72450	73275	67710	69300	4729798	11063620	0
2020.04.06	72650	75370	72150	74400	3829335	10796056	0
2020.04.07	77800	79985	76070	76595	4714287	13796891	0
2020.04.08	77050	79180	76115	79090	4258509	12376798	0
2020.04.09	78510	80470	77420	78190	4286614	13011716	0
2020.04.13	77520	79345	76315	79255	4343568	13303853	0
2020.04.14	80290	81725	79800	80185	3570947	11191069	0
2020.04.15	78115	80280	77810	79520	3191484	10153544	0
2020.04.16	79950	80400	77635	79365	3465435	11772727	0
2020.04.17	81000	81000	77945	79300	3265967	10812650	0
2020.04.20	76890	80455	76780	79550	3486536	11237363	0
2020.04.22	78750	81500	78340	80515	3435496	10579972	0
2020.04.23	80500	81960	78700	79550	3794100	11735837	0
2020.04.24	79020	79020	71800	76800	3583076	9757422	0
2020.04.27	78000	78925	76420	78250	3866962	10412566	0
2020.04.28	79900	81710	79650	81530	3387426	10052356	0
2020.04.29	82160	84240	81810	84240	3322925	9141327	0
2020.04.30	82880	83070	79955	80100	3496520	10353747	0
2020.05.04	77350	79360	77050	79090	2652064	8327032	0
2020.05.05	80200	81290	79225	80300	3144866	9912857	0
2020.05.06	80235	80500	78110	78745	3127581	10190759	0
2020.05.07	79990	80885	78105	78870	3396773	10897353	0
2020.05.08	79460	80985	79100	80615	2745798	8849274	0
2020.05.11	79465	80820	78725	79000	2962059	9543907	0
2020.05.12	79550	80445	77530	77600	3171228	10439537	0
2020.05.13	79000	79165	77170	78500	3168833	10559032	0
2020.05.14	77520	79530	75680	79405	3527738	12318040	0
2020.05.15	78610	79700	77275	77590	3622708	11477319	0
2020.05.18	79535	81635	79385	81490	2735766	9652567	0
2020.05.19	81365	82350	80565	80900	3137030	10753716	0
2020.05.20	81635	82435	80920	81615	2751556	9613438	0
2020.05.21	81085	83490	80875	83280	2884172	10170426	0
2020.05.22	82995	84390	81500	84310	3230932	10275274	0
2020.05.25	85245	86115	84725	86010	2476156	6920743	0
2020.05.26	86680	87445	85360	86085	3414689	10500250	0
2020.05.27	86775	88260	86005	88105	2962259	9835986	0
2020.05.28	87915	88210	86595	86595	3239056	10336698	0
2020.05.29	86605	87625	85365	87570	3129474	10031358	0
2020.06.01	87500	89155	86670	88830	2442070	8379481	0
2020.06.02	89655	91500	89145	91470	2441950	8561004	0
2020.06.03	91525	93835	91520	92670	2959203	10458807	0
2020.06.04	92110	94270	91970	93815	3263943	10772458	0
2020.06.05	95445	97450	94300	94450	3262007	10536802	0
2020.06.08	95670	97820	95460	97665	2939285	9821352	0
2020.06.09	96700	97390	95505	96520	2922188	9239240	0
2020.06.10	97020	97975	94325	94325	3926880	13069050	0
2020.06.12	91400	93370	90675	92995	4597154	13334702	0
2020.06.15	90695	93190	89935	92520	4370343	13990356	0
2020.06.16	94100	95440	92740	93700	4040636	12819815	0
2020.06.17	94100	96840	94020	95560	2915190	9769944	0
2020.06.18	94180	97395	93985	95920	3369157	10945682	0
2020.06.19	97155	97950	95985	96250	3587467	11944235	0
2020.06.22	97435	97520	95025	95800	2843563	9733415	0
2020.06.23	97090	97670	95840	95850	3166095	10952436	0
2020.06.24	95200	96120	93370	94725	3609378	12459087	0
2020.06.25	93810	96515	93785	96190	3560527	11902114	0
2020.06.26	95990	96125	93420	93450	3482497	12312571	0
2020.06.29	94230	96270	93945	96180	3566416	12118985	0
2020.06.30	95800	96495	94905	95100	3389293	11472931	0
2020.07.01	94420	97110	94390	96130	3270984	11688509	0
2020.07.02	97515	98180	96120	96480	3375885	11419129	0
2020.07.03	96630	96990	96010	96990	2086825	6828199	0
2020.07.06	98605	99490	98300	99260	2813214	10349527	0
2020.07.07	98530	99110	97370	97950	3172966	11969547	0
2020.07.08	98350	100175	98210	100150	3071309	11523493	0
2020.07.09	99900	100385	98925	99100	3292194	11965440	0
2020.07.10	98900	100250	98575	99900	2864018	10672868	0
2020.07.13	100750	101040	98300	98300	3098799	11323136	0
2020.07.14	99195	100685	98360	100640	3929674	14311329	0
2020.07.15	101805	102295	100810	102045	3407166	12982868	0
2020.07.16	101360	101630	100230	100885	3081691	11224120	0
2020.07.17	101255	103300	101140	103300	2592893	10014921	0
2020.07.20	102880	104550	102755	104220	2528524	10092824	0
2020.07.21	105125	105520	103810	104430	3182697	12651949	0
2020.07.22	104030	105140	103305	104495	3390974	13669025	0
2020.07.23	105185	105305	102120	102465	3490165	13842556	0
2020.07.24	102100	102835	100910	102530	3624692	14311975	0
2020.07.27	103130	104695	102575	104180	3209307	11846105	0
2020.07.28	103800	104805	103500	103900	3346161	12040880	0
2020.07.29	104440	105790	104310	105425	2906042	9811660	0
2020.07.30	104820	105880	103930	105840	3344987	12076896	0
2020.07.31	105420	105795	102620	103100	3476801	13123662	0
2020.08.03	103995	104100	102320	103100	3560054	12669617	0
2020.08.04	102450	102890	99950	101800	4154499	14370316	0
2020.08.05	102580	103865	101925	102880	3744578	12888625	0
2020.08.06	102380	104660	102085	103875	3847773	13532064	0
2020.08.07	103155	104285	101900	102680	3802014	12650414	0
2020.08.10	103200	103970	101235	103095	3790032	12975877	0
2020.08.11	104325	104670	101850	102340	3824383	14048378	0
2020.08.12	102660	103070	100750	101385	452817	1466090	0
2020.08.13	102885	103525	100265	100395	3831155	14087141	0
2020.08.14	100395	101990	99775	101590	3487551	11841786	0
2020.08.17	101095	101925	98665	99800	3755683	13120324	0
2020.08.18	101175	102520	100960	102135	3368961	11542070	0
2020.08.19	101665	102725	100655	100990	3526591	12253676	0
2020.08.20	99030	102035	98890	101350	3692137	12474851	0
2020.08.21	100895	101815	100490	101350	3160517	11456816	0
2020.08.24	102610	102950	101770	102550	3000589	10450048	0
2020.08.25	102835	103090	101730	102090	2966029	10536771	0
2020.08.26	101995	102710	99450	100630	3309488	11592431	0
2020.08.27	100665	101825	99925	101060	3691095	12490794	0
2020.08.28	101535	102585	100990	102500	2804327	9780601	0
2020.08.31	102435	102450	99520	99730	3254639	11454544	0
2020.09.01	100450	102475	100290	102190	3078557	10882242	0
2020.09.02	102600	103090	100940	102520	3669933	11871021	0
2020.09.03	102095	103445	99830	101060	4383392	15230384	0
2020.09.04	100920	102005	99030	100990	4062338	14240067	0
2020.09.08	99910	100890	99410	100065	4080602	13961297	0
2020.09.09	100780	101840	100560	101310	3544382	12219650	0
2020.09.10	100990	101690	98310	98360	3822395	14241397	0
2020.09.11	99250	99560	97790	98150	3974957	14329686	0
2020.09.14	99250	100660	99005	100170	3629218	12226270	0
2020.09.15	100940	101150	99700	100425	3829048	12768300	0
2020.09.16	100825	100880	99660	99700	3813262	13274549	0
2020.09.17	98850	100390	98565	100250	3396040	12091634	0
2020.09.18	100100	100155	97960	98090	3440944	13070711	0
2020.09.21	96720	97370	95820	96940	3755998	12982175	0
2020.09.22	96940	97775	96405	96975	3651328	12864326	0
2020.09.23	97500	97520	95505	95610	3691386	13512361	0
2020.09.24	95400	98080	95300	96980	3700574	13338036	0
2020.09.25	96505	97175	95550	97085	3116503	11995055	0
2020.09.28	98300	98450	94310	94500	3837329	14496498	0
2020.09.29	94615	95520	93220	93465	4167934	15215260	0
2020.09.30	93400	95390	93140	95075	4152087	14268134	0
2020.10.01	95370	95590	93535	95235	3914811	14100737	0
2020.10.02	94500	96040	93120	93300	3853441	13462384	0
2020.10.05	94155	96465	93660	95900	3599535	13163953	0
2020.10.06	96725	97480	95125	95505	4284063	15652472	0
2020.10.07	96240	96435	94760	95790	3842671	14551857	0
2020.10.08	96175	98070	95535	97655	3461569	12557217	0
2020.10.09	97905	98700	97095	97650	3349906	12396421	0
2020.10.13	98180	99050	97210	98080	3674245	14624322	0
2020.10.14	98190	99875	98140	99250	3010646	11129361	0
2020.10.15	98175	99730	97910	99045	3285155	12417593	0
2020.10.16	99340	99435	98280	98700	3214746	12868460	0
2020.10.19	99150	100170	98570	98940	3194968	12871081	0
2020.10.20	99200	100970	99120	100930	3230176	12894073	0
2020.10.21	100500	101875	100280	100710	3480858	13984220	0
2020.10.22	100660	102445	100565	102375	3161866	13173842	0
2020.10.23	102420	102480	101275	101630	2866189	12074176	0
2020.10.26	100845	101970	99940	101355	3127230	13575104	0
2020.10.27	101890	101940	98770	98850	3171418	12470219	0
2020.10.28	98300	98375	95130	95130	4136485	16471100	0
2020.10.29	95235	96895	93555	95765	4584308	17784924	0
2020.10.30	95505	96340	93630	94535	4768849	17825592	0
